OCC,SOCXX,OCCUPATION
0010,1110XX,Chief Executives and Legislators
0020,111020,General and Operations Managers
0030,1110XX,Chief Executives and Legislators
0040,112011,Advertising and Promotions Managers
0050,112020,Marketing and Sales Managers
0060,112031,Public Relations and Fundraising Managers
0100,113011,Administrative Services Managers
0110,113021,Computer and Information Systems Managers
0120,113031,Financial Managers
0130,113040,Human Resources Managers
0135,113040,Human Resources Managers
0136,113040,Human Resources Managers
0137,113040,Human Resources Managers
0140,113051,Industrial Production Managers
0150,113061,Purchasing Managers
0160,113071,"Transportation, Storage, and Distribution Managers"
0200,119013,"Farmers, Ranchers, and Other Agricultural Managers"
0205,119013,"Farmers, Ranchers, and Other Agricultural Managers"
0210,119013,"Farmers, Ranchers, and Other Agricultural Managers"
0220,119021,Constructions Managers
0230,119030,Education Administrators
0300,119041,Architectural and Engineering Managers
0310,119051,Food Service Managers
0320,394000,Funeral Service Workers
0325,119XXX,"Miscellaneous Managers, Including Funeral Service Managers and Postmasters and Mail Superintendents"
0330,119071,Gaming Managers
0340,119081,Lodging Managers
0350,119111,Medical and Health Services Managers
0360,119121,Natural Science Managers
0400,119XXX,"Miscellaneous Managers, Including Funeral Service Managers and Postmasters and Mail Superintendents"
0410,119141,"Property, Real Estate, and Community Association Managers"
0420,119151,Social and Community Service Managers
0425,1311XX,Other Business Operations Specialist
0430,119XXX,"Miscellaneous Managers, Including Funeral Service Managers and Postmasters and Mail Superintendents"
0500,131011,"Agents and Business Managers of Artists, Performers, and Athletes"
0510,131021,"Buyers and Purchasing Agents, Farm Products"
0520,131022,"Wholesale and Retail Buyers, Except Farm Products"
0530,131023,"Purchasing Agents, Except Wholesale, Retail, and Farm Products"
0540,131030,"Claims Adjusters, Appraisers, Examiners, and Investigators"
0560,131040,Compliance Officers
0565,131040,Compliance Officers
0600,131051,Cost Estimators
0620,131070,"Human Resources, Training, and Labor Relations Specialists"
0630,131070,"Human Resources, Training, and Labor Relations Specialists"
0640,131070,"Human Resources, Training, and Labor Relations Specialists"
0650,131070,"Human Resources, Training, and Labor Relations Specialists"
0700,131081,Logisticians
0710,131111,Management Analysts
0720,1311XX,Other Business Operations Specialist
0725,1311XX,Other Business Operations Specialist
0726,419099,"Sales and Related Workers, All Other"
0730,1311XX,Other Business Operations Specialist
0735,1311XX,Other Business Operations Specialist
0740,1311XX,Other Business Operations Specialist
0800,132011,Accountants and Auditors
0810,132021,Appraisers and Assessors of Real Estate
0820,132031,Budget Analysts
0830,132041,Credit Analysts
0840,132051,Financial Analysts
0850,132052,Personal Financial Advisors
0860,132053,Insurance Underwriters
0900,132061,Financial Examiners
0910,132070,Credit Counselors and Loan Officers
0930,132081,"Tax Examiners and Collectors, and Revenue Agents"
0940,132082,Tax Preparers
0950,132099,"Financial Specialists, All Other"
1000,1510XX,Computer Scientists and Systems Analyst
1005,1510XX,Computer Scientists and Systems Analyst
1006,1510XX,Computer Scientists and Systems Analyst
1007,1510XX,Computer Scientists and Systems Analyst
1010,1510XX,Computer Scientists and Systems Analyst
1020,151030,Computer Software Engineers
1030,151081,Network Systems and Data Communications Analysts
1040,151081,Network Systems and Data Communications Analysts
1050,151081,Network Systems and Data Communications Analysts
1060,151141,Database Administrators
1100,151081,Network Systems and Data Communications Analysts
1105,151081,Network Systems and Data Communications Analysts
1106,1510XX,Computer Scientists and Systems Analyst
1107,1510XX,Computer Scientists and Systems Analyst
1110,151081,Network Systems and Data Communications Analysts
1200,152011,Actuaries
1210,1520XX,"Miscellaneous mathematical science occupations, including mathematicians and statisticians"
1220,152031,Operations Research Analysts
1230,1520XX,"Miscellaneous mathematical science occupations, including mathematicians and statisticians"
1240,1520XX,"Miscellaneous mathematical science occupations, including mathematicians and statisticians"
1300,171010,"Architects, Except Naval"
1310,171020,"Surveyors, Cartographers, and Photogrammetrists"
1320,172011,Aerospace Engineers
1330,1720XX,Biomedical and agricultural engineers
1340,1720XX,Biomedical and agricultural engineers
1350,172041,Chemical Engineers
1360,172051,Civil Engineers
1400,172061,Computer Hardware Engineers
1410,172070,Electrical and Electronics Engineers
1420,172081,Environmental Engineers
1430,172110,"Industrial Engineers, including Health and Safety"
1440,172121,Marine Engineers and Naval Architects
1450,172131,Materials Engineers
1460,172141,Mechanical Engineers
1500,1721XX,"Petroleum, mining and geological engineers, including mining safety engineers"
1510,1721YY,Miscellaneous engineeers including nuclear engineers
1520,1721XX,"Petroleum, mining and geological engineers, including mining safety engineers"
1530,1721YY,Miscellaneous engineeers including nuclear engineers
1540,173010,Drafters
1550,173020,"Engineering Technicians, Except Drafters"
1560,173031,Surveying and Mapping Technicians
1600,191010,Agricultural and Food Scientists
1610,191020,Biological Scientists
1640,191030,Conservation Scientists and Foresters
1650,1910XX,"Medical Scientists, and Life Scientists, All Other"
1660,1910XX,"Medical Scientists, and Life Scientists, All Other"
1700,192010,Astronomers and Physicists
1710,192021,Atmospheric and Space Scientists
1720,192030,Chemists and Materials Scientists
1740,192040,Environmental Scientists and Geoscientists
1760,192099,"Physical Scientists, All Other"
1800,193011,Economists
1810,1311XX,Other Business Operations Specialist
1815,1311XX,Other Business Operations Specialist
1820,193030,Psychologists
1830,1930XX,"Miscellaneous Social Scientists, Including Survey Researchers and Sociologists"
1840,193051,Urban and Regional Planners
1860,1930XX,"Miscellaneous Social Scientists, Including Survey Researchers and Sociologists"
1900,194011,Agricultural and Food Science Technicians
1910,194021,Biological Technicians
1920,194031,Chemical Technicians
1930,1940YY,"Miscellaneous Life, Physical, and Social Science Technicians, Including Social Science Research Assistants"
1940,1940YY,"Miscellaneous Life, Physical, and Social Science Technicians, Including Social Science Research Assistants"
1950,1940YY,"Miscellaneous Life, Physical, and Social Science Technicians, Including Social Science Research Assistants"
1960,1940YY,"Miscellaneous Life, Physical, and Social Science Technicians, Including Social Science Research Assistants"
1965,1940YY,"Miscellaneous Life, Physical, and Social Science Technicians, Including Social Science Research Assistants"
2000,211010,Counselors
2010,211020,Social Workers
2015,211090,Miscellaneous Community and Social Service Specialists
2016,211090,Miscellaneous Community and Social Service Specialists
2020,211090,Miscellaneous Community and Social Service Specialists
2025,211090,Miscellaneous Community and Social Service Specialists
2040,212011,Clergy
2050,212021,"Directors, Religious Activities and Education"
2060,212099,"Religious Workers, All Other"
2100,2310XX,"Lawyers, and judges, magistrates, and other judicial workers"
2105,2310XX,"Lawyers, and judges, magistrates, and other judicial workers"
2110,2310XX,"Lawyers, and judges, magistrates, and other judicial workers"
2140,232011,Paralegals and Legal Assistants
2145,232011,Paralegals and Legal Assistants
2150,232090,Miscellaneous Legal Support Workers
2160,232090,Miscellaneous Legal Support Workers
2200,251000,Postsecondary Teachers
2300,252010,Preschool and Kindergarten Teachers
2310,252020,Elementary and Middle School Teachers
2320,252030,Secondary School Teachers
2330,252050,Special Education Teachers
2340,253000,Other Teachers and Instructors
2400,254010,"Archivists, Curators, and Museum Technicians"
2430,254021,Librarians
2440,254031,Library Technicians
2540,259041,Teacher Assistants
2550,2590XX,"Other Education, Training, and Library Workers"
2600,271010,Artists and Related Workers
2630,271020,Designers
2700,272011,Actors
2710,272012,Producers and Directors
2720,272020,"Athletes, Coaches, Umpires, and Related Workers"
2740,272030,Dancers and Choreographers
2750,272040,"Musicians, Singers, and Related Workers"
2760,272099,"Entertainers and Performers, Sports and Related Workers, All Other"
2800,273010,Announcers
2810,273020,"News Analysts, Reporters and Correspondents"
2820,273031,Public Relations Specialists
2825,273031,Public Relations Specialists
2830,273041,Editors
2840,273042,Technical Writers
2850,273043,Writers and Authors
2860,273090,Miscellaneous Media and Communication Workers
2900,2740XX,"Broadcast and Sound Engineering Technicians and Radio Operators, and media and communication equipment workers, all other"
2910,274021,Photographers
2920,274030,"Television, Video, and Motion Picture Camera Operators and Editors"
2960,2740XX,"Broadcast and Sound Engineering Technicians and Radio Operators, and media and communication equipment workers, all other"
3000,291011,Chiropractors
3010,291020,Dentists
3030,291031,Dieticians and Nutritionists
3040,291041,Optometrists
3050,291051,Pharmacists
3060,291060,Physicians and Surgeons
3110,291071,Physician Assistants
3120,291081,Podiatrists
3130,291141,Registered Nurses
3140,291181,Audiologists
3150,291122,Occupational Therapists
3160,291123,Physical Therapists
3200,291124,Radiation Therapists
3210,291125,Recreational Therapists
3220,291126,Respiratory Therapists
3230,291127,SpeechLanguage Pathologists
3235,291129,"Therapists, All Other"
3240,291129,"Therapists, All Other"
3245,291129,"Therapists, All Other"
3250,291131,Veterinarians
3255,291141,Registered Nurses
3256,291141,Registered Nurses
3257,291141,Registered Nurses
3258,291141,Registered Nurses
3260,291199,"Health Diagnosing and Treating Practitioners, All Other"
3300,292010,Clinical Laboratory Technologists and Technicians
3310,292021,Dental Hygienists
3320,292030,Diagnostic Related Technologists and Technicians
3400,292041,Emergency Medical Technicians and Paramedics
3410,292050,Health Practitioner Support Technologists and Technicians
3420,292050,Health Practitioner Support Technologists and Technicians
3500,292061,Licensed Practical and Licensed Vocational Nurses
3510,292071,Medical Records and Health Information Technicians
3520,292081,"Opticians, Dispensing"
3530,292090,Miscellaneous Health Technologists and Technicians
3535,292090,Miscellaneous Health Technologists and Technicians
3540,299000,Other Healthcare Practitioners and Technical Occupations
3600,311010,"Nursing, Psychiatric, and Home Health Aides"
3610,312010,Occupational Therapy Assistants and Aides
3620,312020,Physical Therapist Assistants and Aides
3630,319011,Massage Therapists
3640,319091,Dental Assistants
3645,31909X,"Healthcare Support Workers, All Other, Including Medical Equipment Preparers"
3646,31909X,"Healthcare Support Workers, All Other, Including Medical Equipment Preparers"
3647,31909X,"Healthcare Support Workers, All Other, Including Medical Equipment Preparers"
3648,31909X,"Healthcare Support Workers, All Other, Including Medical Equipment Preparers"
3649,31909X,"Healthcare Support Workers, All Other, Including Medical Equipment Preparers"
3650,31909X,"Healthcare Support Workers, All Other, Including Medical Equipment Preparers"
3655,31909X,"Healthcare Support Workers, All Other, Including Medical Equipment Preparers"
3700,331011,First-Line Supervisors of Correctional Officers
3710,331012,First-Line Supervisors of Police and Detectives
3720,331021,First-Line Supervisors of Fire Fighting and Prevention Workers
3730,331099,"First-Line Supervisors of Protective Service Workers, All Other"
3740,332011,Firefighters
3750,332020,Fire Inspectors
3800,333010,"Bailiffs, Correctional Officers, and Jailers"
3820,333021,Detectives and Criminal Investigators
3830,3330XX,Miscellaneous law enforcement workers
3840,3330XX,Miscellaneous law enforcement workers
3850,333050,Police Officers
3860,333050,Police Officers
3900,33909X,"Lifeguards and Other Recreational, and All Other Protective Service Workers"
3910,339021,Private Detectives and Investigators
3920,339030,Security Guards and Gaming Surveillance Officers
3930,339030,Security Guards and Gaming Surveillance Officers
3940,339091,Crossing Guards
3945,131040,Compliance Officers
3950,33909X,"Lifeguards and Other Recreational, and All Other Protective Service Workers"
3955,33909X,"Lifeguards and Other Recreational, and All Other Protective Service Workers"
4000,351011,Chefs and Head Cooks
4010,351012,First-Line Supervisors of Food Preparation and Serving Workers
4020,352010,Cooks
4030,352021,Food Preparation Workers
4040,353011,Bartenders
4050,353021,"Combined Food Preparation and Serving Workers, Including Fast Food"
4060,353022,"Counter Attendant, Cafeteria, Food Concession, and Coffee Shop"
4110,353031,Waiters and Waitresses
4120,353041,"Food Servers, Nonrestaurant"
4130,3590XX,Miscellaneous food preparation and serving related workers including dining room and cafeteria attendants and bartender helpers
4140,359021,Dishwashers
4150,359031,"Host and Hostesses, Restaurant, Lounge, and Coffee Shop"
4160,3590XX,Miscellaneous food preparation and serving related workers including dining room and cafeteria attendants and bartender helpers
4200,371011,First-Line Supervisors of Housekeeping and Janitorial Workers
4210,371012,"First-Line Supervisors of Landscaping, Lawn Service, and Groundskeeping Workers"
4220,37201X,Janitors and Building Cleaners
4230,372012,Maids and Housekeeping Cleaners
4240,372021,Pest Control Workers
4250,373010,Grounds Maintenance Workers
4300,391010,First-Line Supervisors of Gaming Workers
4320,391021,First-Line Supervisors of Personal Service Workers
4340,392011,Animal Trainers
4350,392021,Nonfarm Animal Caretakers
4400,393010,Gaming Services Workers
4410,393021,Motion Picture Projectionists
4420,393031,"Ushers, Lobby Attendants, and Ticket Takers"
4430,393090,Miscellaneous Entertainment Attendants and Related Workers
4460,394000,Funeral Service Workers
4465,394000,Funeral Service Workers
4500,395011,Barbers
4510,395012,"Hairdressers, Hairstylists, and Cosmetologists"
4520,395090,Miscellaneous Personal Appearance Workers
4530,396010,"Baggage Porters, Bellhops, and Concierges"
4540,397010,Tour and Travel Guides
4550,396030,Transportation Attendants
4600,399011,Childcare Workers
4610,399021,Personal Care Aides
4620,399030,Recreation and Fitness Workers
4640,399041,Residential Advisors
4650,399099,"Personal Care and Service Workers, All Other"
4700,411011,First-Line Supervisors of Retail Sales Workers
4710,411012,First-Line Supervisors of Non-Retail Sales
4720,412010,Cashiers
4740,412021,Counter and Rental Clerks
4750,412022,Parts Salespersons
4760,412031,Retail Salespersons
4800,413011,Advertising Sales Agents
4810,413021,Insurance Sales Agents
4820,413031,"Securities, Commodities, and Financial Services Sales Agents"
4830,413041,Travel Agents
4840,413099,"Sales Representatives, Services, All Other"
4850,414010,"Sales Representatives, Wholesale and Manufacturing"
4900,419010,"Models, Demonstrators, and Product Promoters"
4920,419020,Real Estate Brokers and Sales Agents
4930,419031,Sales Engineers
4940,419041,Telemarketers
4950,419091,"Door-to-Door Sales Workers, News and Street Vendors, and Related Workers"
4960,419099,"Sales and Related Workers, All Other"
4965,419099,"Sales and Related Workers, All Other"
5000,431011,First-Line Supervisors of Office and Administrative Support Workers
5010,432011,"Switchboard Operators, Including Answering Service"
5020,432021,Telephone Operators
5030,432099,"Communications Equipment Operators, All Other"
5100,433011,Bill and Account Collectors
5110,433021,Billing and Posting Clerks
5120,433031,"Bookkeeping, Accounting, and Auditing Clerks"
5130,433041,Gaming Cage Workers
5140,433051,Payroll and Timekeeping Clerks
5150,433061,Procurement Clerks
5160,433071,Tellers
5165,433099,"Financial Clerks, All Other"
5200,434011,Brokerage Clerks
5210,434XXX,Order Clerks
5220,434031,"Court, Municipal, and License Clerks"
5230,434041,"Credit Authorizers, Checkers, and Clerks"
5240,434051,Customer Service Representatives
5250,434061,"Eligibility Interviewers, Government Programs"
5260,434071,File Clerks
5300,434081,"Hotel, Motel, and Resort Desk Clerks"
5310,434111,"Interviewers, Except Eligibility and Loan"
5320,434121,"Library Assistants, Clerical"
5330,434131,Loan Interviewers and Clerks
5340,434141,New Account Clerks
5350,434XXX,Order Clerks
5360,434161,"Human Resources Assistants, Except Payroll and Timekeeping"
5400,434171,Receptionists and Information Clerks
5410,434181,Reservation and Transportation Ticket Agents and Travel Clerks
5420,434199,"Information and Record Clerks, All Other"
5500,435011,Cargo and Freight Agents
5510,435021,Couriers and Messengers
5520,435030,Dispatchers
5530,435041,"Meter Readers, Utilities"
5540,435051,Postal Service Clerks
5550,435052,Postal Service Mail Carriers
5560,435053,"Postal Service Mail Sorters, Processors, and Processing Machine Operators"
5600,435061,"Production, Planning, and Expediting Clerks"
5610,435071,"Shipping, Receiving, and Traffic Clerks"
5620,435081,Stock Clerks and Order Fillers
5630,435111,"Weighers, Measurers, Checkers, and Samplers, Recordkeeping"
5700,436010,Secretaries and Administrative Assistants
5800,439011,Computer Operators
5810,439021,Data Entry Keyers
5820,439022,Word Processors and Typists
5830,439XXX,Miscellaneous office and administrative support workers including desktop publishers
5840,439041,Insurance Claims and Policy Processing Clerks
5850,439051,"Mail Clerks and Mail Machine Operators, Except Postal Service"
5860,439061,"Office Clerks, General"
5900,439071,"Office Machine Operators, Except Computer"
5910,439081,Proofreaders and Copy Markers
5920,439111,Statistical Assistants
5930,439XXX,Miscellaneous office and administrative support workers including desktop publishers
5940,439XXX,Miscellaneous office and administrative support workers including desktop publishers
6000,451011,"First-Line Supervisors of farming, fishing, and forestry workers"
6005,451011,"First-Line Supervisors of farming, fishing, and forestry workers"
6010,452011,Agricultural Inspectors
6020,4520XX,Miscellaneous agricultural workers including animal breeders
6040,452041,"Graders and Sorters, Agricultural Products"
6050,4520XX,Miscellaneous agricultural workers including animal breeders
6100,453000,Fishing and hunting workers
6110,453000,Fishing and hunting workers
6120,454011,Forest and Conservation Workers
6130,454020,Logging Workers
6200,471011,First-Line Supervisors of Construction Trades and Extraction Workers
6210,472011,Boilermakers
6220,472XXX,"Brickmasons, Blockmasons, Stonemasons, and Reinforcing Iron and Rebar Workers"
6230,472031,Carpenters
6240,472040,"Carpet, Floor, and Tile Installers and Finishers"
6250,472050,"Cement Masons, Concrete Finishers, and Terrazzo Workers"
6260,472061,Construction Laborers
6300,472071,"Paving, Surfacing, and Tamping Equipment Operators"
6310,47207X,"Construction equipment operators except paving, surfacing, and tamping equipment operators"
6320,47207X,"Construction equipment operators except paving, surfacing, and tamping equipment operators"
6330,472080,"Drywall Installers, Ceiling Tile Installers, and Tapers"
6350,472111,Electricians
6355,472111,Electricians
6360,472121,Glaziers
6400,472130,Insulation Workers
6420,472140,Painters and Paperhangers
6430,472140,Painters and Paperhangers
6440,472150,"Pipelayers, Plumbers, Pipefitters, and Steamfitters"
6460,472161,Plasterers and Stucco Masons
6500,472XXX,"Brickmasons, Blockmasons, Stonemasons, and Reinforcing Iron and Rebar Workers"
6510,472181,Roofers
6515,472181,Roofers
6520,472211,Sheet Metal Workers
6530,472221,Structural Iron and Steel Workers
6540,47XXXX,"Miscellaneous construction workers including solar Photovaltaic Installers, and septic tank servicers and sewer pipe cleaners"
6600,473010,"Helpers, Construction Trades"
6660,474011,Construction and Building Inspectors
6700,474021,Elevator Installers and Repairers
6710,474031,Fence Erectors
6720,474041,Hazardous Materials Removal Workers
6730,474051,Highway Maintenance Workers
6740,474061,Rail-Track Laying and Maintenance Equipment Operators
6750,47XXXX,"Miscellaneous construction workers including solar Photovaltaic Installers, and septic tank servicers and sewer pipe cleaners"
6760,47XXXX,"Miscellaneous construction workers including solar Photovaltaic Installers, and septic tank servicers and sewer pipe cleaners"
6765,47XXXX,"Miscellaneous construction workers including solar Photovaltaic Installers, and septic tank servicers and sewer pipe cleaners"
6800,4750YY,"Derrick, rotary drill, and service unit operators, and roustabouts, oil, gas, and mining"
6820,475021,"Earth Drillers, Except Oil and Gar"
6830,475031,"Explosives Workers, Ordnance Handling Experts, and Blasters"
6840,475040,Mining Machine Operators
6910,4750XX,Miscellaneous extraction workers including roof bolters and helpers
6920,4750YY,"Derrick, rotary drill, and service unit operators, and roustabouts, oil, gas, and mining"
6930,4750XX,Miscellaneous extraction workers including roof bolters and helpers
6940,4750XX,Miscellaneous extraction workers including roof bolters and helpers
7000,491011,"First-Line Supervisors of Mechanics, Installers, and Repairers"
7010,492011,"Computer, Automated Teller, and Office Machine Repairers"
7020,492020,Radio and Telecommunications Equipment Installers and Repairers
7030,492091,Avionics Technicians
7040,492092,"Electric Motor, Power Tool, and Related Repairers"
7050,49209X,"Electrical and electronics repairers, transportation equipment, and industrial and utility"
7100,49209X,"Electrical and electronics repairers, transportation equipment, and industrial and utility"
7110,492096,"Electronic Equipment Installers and Repairers, Motor Vehicles"
7120,492097,Electronic Home Entertainment Equipment Installers and Repairers
7130,492098,Security and Fire Alarm Systems Installers
7140,493011,Aircraft Mechanics and Service Technicians
7150,493021,Automotive Body and Related Repairers
7160,493022,Automotive Glass Installers and Repairers
7200,493023,Automotive Service Technicians and Mechanics
7210,493031,Bus and Truck Mechanics and Diesel Engine Specialists
7220,493040,Heavy Vehicle and Mobile Equipment Service Technicians and Mechanics
7240,493050,Small Engine Mechanics
7260,493090,"Miscellaneous Vehicle and Mobile Equipment Mechanics, Installers, and Repairers"
7300,499010,Control and Valve Installers and Repairers
7310,499021,"Heating, Air Conditioning, and Refrigeration Mechanics and Installers"
7315,499021,"Heating, Air Conditioning, and Refrigeration Mechanics and Installers"
7320,499031,Home Appliance Repairers
7330,49904X,Industrial and Refractory Machinery Mechanic
7340,499071,"Maintenance and Repair Workers, General"
7350,499043,"Maintenance Workers, Machinery"
7360,499044,Millwrights
7410,499051,Electrical Power-Line Installers and Repairers
7420,499052,Telecommunications Line Installers and Repairers
7430,499060,Precision Instrument and Equipment Repairers
7440,4990XX,"Miscellaneous Installation, Maintenance, and Repair Workers, Including, Wind Turbine Service Technicians"
7510,499091,"Coin, Vending, and Amusement Machine Servicers and Repairers"
7520,4990XX,"Miscellaneous Installation, Maintenance, and Repair Workers, Including, Wind Turbine Service Technicians"
7540,499094,Locksmiths and Safe Repairers
7550,4990XX,"Miscellaneous Installation, Maintenance, and Repair Workers, Including, Wind Turbine Service Technicians"
7560,499096,Riggers
7600,4990XX,"Miscellaneous Installation, Maintenance, and Repair Workers, Including, Wind Turbine Service Technicians"
7610,499098,"Helpers--Installation, Maintenance, and Repair Workers"
7620,4990XX,"Miscellaneous Installation, Maintenance, and Repair Workers, Including, Wind Turbine Service Technicians"
7630,4990XX,"Miscellaneous Installation, Maintenance, and Repair Workers, Including, Wind Turbine Service Technicians"
7700,511011,First-Line Supervisors of Production and Operating Workers
7710,512011,"Aircraft Structure, Surfaces, Rigging, and Systems Assemblers"
7720,512020,"Electrical, Electronics, and Electromechanical Assemblers"
7730,512031,Engine and Other Machine Assemblers
7740,512041,Structural Metal Fabricators and Fitters
7750,512090,Miscellaneous Assemblers and Fabricators
7800,513011,Bakers
7810,513020,"Butchers and Other Meat, Poultry, and Fish Processing Workers"
7830,513091,"Food and Tobacco Roasting, Baking, and Drying Machine Operators and Tenders"
7840,513092,Food Batchmakers
7850,513093,Food Cooking Machine Operators and Tenders
7855,5191XX,"Micellaneous Production Workers, Including Semiconductor Processors"
7900,514010,Computer Control Programmers and Operators
7920,514021,"Extruding and Drawing Machine Setters, Operators, and Tenders, Metal and Plastic"
7930,514022,"Forging Machine Setters, Operators, and Tenders, Metal and Plastic"
7940,514023,"Rolling Machine Setters, Operators, and Tenders, metal and Plastic"
7950,514030,"Machine Tool Cutting setters, Operators, and Tenders, Metal and Plastic"
7960,514030,"Machine Tool Cutting setters, Operators, and Tenders, Metal and Plastic"
8000,514030,"Machine Tool Cutting setters, Operators, and Tenders, Metal and Plastic"
8010,514030,"Machine Tool Cutting setters, Operators, and Tenders, Metal and Plastic"
8020,514030,"Machine Tool Cutting setters, Operators, and Tenders, Metal and Plastic"
8030,514041,Machinists
8040,514050,"Metal Furnace Operators, Tenders, Pourers, and Casters"
8060,5140XX,"Model Makers, Patternmakers, and Molding Machine Setters, Metal and Plastic"
8100,5140XX,"Model Makers, Patternmakers, and Molding Machine Setters, Metal and Plastic"
8120,514XXX,"Miscellaneous Metal Workers and Plastic Workers, Including Multiple Machine Tool Setters"
8130,514111,Tool and Die Makers
8140,514120,"Welding, Soldering, and Brazing Workers"
8150,514XXX,"Miscellaneous Metal Workers and Plastic Workers, Including Multiple Machine Tool Setters"
8160,514XXX,"Miscellaneous Metal Workers and Plastic Workers, Including Multiple Machine Tool Setters"
8200,514XXX,"Miscellaneous Metal Workers and Plastic Workers, Including Multiple Machine Tool Setters"
8210,514XXX,"Miscellaneous Metal Workers and Plastic Workers, Including Multiple Machine Tool Setters"
8220,514XXX,"Miscellaneous Metal Workers and Plastic Workers, Including Multiple Machine Tool Setters"
8230,515113,Print Binding and Finishing Workers
8240,515113,Print Binding and Finishing Workers
8250,515111,Prepress Technicians and Workers
8255,515113,Print Binding and Finishing Workers
8256,515113,Print Binding and Finishing Workers
8260,515113,Print Binding and Finishing Workers
8300,516011,Laundry and Dry-Cleaning Workers
8310,516021,"Pressers, Textile, Garment, and Related Materials"
8320,516031,Sewing Machine Operators
8330,516040,Shoe and Leather Workers
8340,516040,Shoe and Leather Workers
8350,516050,"Tailors, Dressmakers, and Sewers"
8360,51606X,"Textile bleaching and dyeing, and cutting machine setters, operators, and tenders"
8400,51606X,"Textile bleaching and dyeing, and cutting machine setters, operators, and tenders"
8410,516063,"Textile Knitting and Weaving Machine Setters, Operators, and Tenders"
8420,516064,"Textile Winding, Twisting, and Drawing Out Machine Setters, Operators, and Tenders"
8430,51609X,"Miscellaneous textile, apparel, and furnishings workers except upholsterers"
8440,51609X,"Miscellaneous textile, apparel, and furnishings workers except upholsterers"
8450,516093,Upholsterers
8460,51609X,"Miscellaneous textile, apparel, and furnishings workers except upholsterers"
8500,517011,Cabinetmakers and Bench Carpenters
8510,517021,Furniture Finishers
8520,5170XX,Miscellaneous woodworkers including model makers and patternmakers
8530,517041,"Sawing Machine Setters, Operators, and Tenders, Wood"
8540,517042,"Woodworking Machine Setters, Operators, and Tenders, Except Sawing"
8550,5170XX,Miscellaneous woodworkers including model makers and patternmakers
8600,518010,"Power Plant Operators, Distributors, and Dispatchers"
8610,518021,Stationary Engineers and Boiler Operators
8620,518031,Water and Wastewater Treatment Plant and System Operators
8630,518090,Miscellaneous Plant and System Operators
8640,519010,"Chemical Processing Machine Setters, Operators, and Tenders"
8650,519020,"Crushing, Grinding, Polishing, Mixing, and Blending Workers"
8710,519030,Cutting Workers
8720,519041,"Extruding, Forming, Pressing, and Compacting Machine Setters, Operators, and Tenders"
8730,519051,"Furnace, Kiln, Oven, Drier, and Kettle Operators and Tenders"
8740,519061,"Inspectors, Testers, Sorters, Samplers, and Weighers"
8750,519071,Jewelers and Precious Stone and Metal Workers
8760,519080,"Medical, Dental, and Ophthalmic Laboratory Technicians"
8800,519111,Packaging and Filling Machine Operators and Tenders
8810,519120,Painting Workers
8830,519151,Photographic Process Workers and Processing Machine Operators
8840,5191XX,"Micellaneous Production Workers, Including Semiconductor Processors"
8850,519191,Adhesive Bonding Machine Operators and Tenders
8860,5191XX,"Micellaneous Production Workers, Including Semiconductor Processors"
8900,5191XX,"Micellaneous Production Workers, Including Semiconductor Processors"
8910,519194,Etchers and Engravers
8920,519195,"Molders, Shapers, and Casters, Except Metal and Plastic"
8930,519196,"Paper Goods Machine Setters, Operators, and Tenders"
8940,519197,Tire Builders
8950,519198,Helpers--Production Workers
8960,5191XX,"Micellaneous Production Workers, Including Semiconductor Processors"
8965,5191XX,"Micellaneous Production Workers, Including Semiconductor Processors"
9000,531000,Supervisors ofTransportation and Material Moving Workers
9030,532010,Aircraft Pilots and Flight Engineers
9040,532020,Air Traffic Controllers and Airfield Operations Specialists
9050,396030,Transportation Attendants
9100,533XXX,Bus and Ambulance Drivers and Attendants
9110,533011,"Ambulance Drivers and Attendants, Except Emergency Medical Technicians"
9120,533020,Bus Drivers
9130,533030,Driver/Sales Workers and Truck Drivers
9140,533041,Taxi Drivers and Chauffeurs
9150,533099,"Motor Vehicle Operators, All Other"
9200,534010,Locomotive Engineers and Operators
9230,5340XX,"Subway, Streetcar, and Other Rail Transportation Workers"
9240,534031,Railroad Conductors and Yardmasters
9260,5340XX,"Subway, Streetcar, and Other Rail Transportation Workers"
9300,5350XX,"Sailors and marine oilers, and ship engineers"
9310,535020,Ship and Boat Captains and Operators
9330,5350XX,"Sailors and marine oilers, and ship engineers"
9340,5360XX,Miscellaneous transportation workers including bridge and lock tenders and traffic technicians
9350,536021,Parking Lot Attendants
9360,5360XX,Miscellaneous transportation workers including bridge and lock tenders and traffic technicians
9410,536051,Transportation Inspectors
9415,396030,Transportation Attendants
9420,5360XX,Miscellaneous transportation workers including bridge and lock tenders and traffic technicians
9500,5370XX,"Conveyor operators and tenders, and hoist and winch operators"
9510,537021,Crane and Tower Operators
9520,537030,"Dredge, Excavating, and Loading Machine Operators"
9560,5370XX,"Conveyor operators and tenders, and hoist and winch operators"
9600,537051,Industrial Truck and Tractor Operators
9610,537061,Cleaners of Vehicles and Equipment
9620,537062,"Laborers and Freight, Stock, and Material Movers, Hand"
9630,537063,Machine Feeders and Offbearers
9640,537064,"Packers and Packagers, Hand"
9650,537070,Pumping Station Operators
9720,537081,Refuse and Recyclable Material Collectors
9730,5371XX,"Miscellaneous material moving workers including shuttle car operators, and tank car, truck, and ship loaders"
9740,5371XX,"Miscellaneous material moving workers including shuttle car operators, and tank car, truck, and ship loaders"
9750,5371XX,"Miscellaneous material moving workers including shuttle car operators, and tank car, truck, and ship loaders"
9800,551010,Military Officer Special and Tactical Operations Leaders
9810,552010,First-Line Enlisted Military Supervisors
9820,553010,Military Enlisted Tactical Operations and Air/Weapons Specialists and Crew Members
9830,559830,"Military, Rank Not Specified"
9840,559830,"Military, Rank Not Specified"
